Row Labels,Average of charges,,,,,,,,KEY METRICS,,,,,,
no,8436.65,,,,,,,,Total Customers,1108,,,,,
yes,32003.36,,,,,,,,Average Insurance Charge," $13,292.71 ",,,,,
,,,,,,,,,Average Charge — Non-Smoker," $8,444.95 ",,,,,
,,,,,,,,,Average Charge — Smoker," $32,003.36 ",,,,,
Row Labels,Average of charges,,,,,,,,,,,,,,
northeast,13419.28,,,,,,,,,,,,,,
northwest,12562.60,,,,,,,,,,,,,,
southeast,14681.11,,,,,,,,,,,,,,
southwest,12377.49,,,,,,,,,,,,,,
,,,,,,,,,,,,,,,
,,,,,,,,,,,,,,,
,,,,,,,,,,,,,,,
,,,,,,,,,,,,,,,
,,,,,,,,,,,,,,,
,,,,,,,,,,,,,,,
,,,,,,,,,,,,,,,
,,,,,,,,,,,,,,,
,,,,,,,,,,,,,,,
,,,,,,,,,,Key Findings,,,,,
,,,,,,,,,,,,,,,
,,,,,,,,,,1. Smoking status showed a large difference in average charges.,,,,,
,,,,,,,,,,"Smokers: approximately $32,003 average charge.",,,,,
,,,,,,,,,,,,,,,
,,,,,,,,,," Non-smokers: approximately $8,437 average charge.",,,,,
,,,,,,,,,,,,,,,
,,,,,,,,,,  Average charges varied across regions.,,,,,
,,,,,,,,,,,,,,,
,,,,,,,,,,"Southeast: approximately $14,681",,,,,
,,,,,,,,,,,,,,,
,,,,,,,,,,"Northeast: approximately $13,419",,,,,
,,,,,,,,,,,,,,,
,,,,,,,,,," Northwest: approximately $12,563",,,,,
,,,,,,,,,,,,,,,
,,,,,,,,,,"Southwest: approximately $12,377",,,,,